Aliado (empresa);Categoría;Persona de contacto;Cargo;Email;Teléfono;Relación previa (ninguna / conocido / cliente / aliado);Propuesta enviada (10 % primera factura + 5 % recurrente 24 meses);Estado;Próximo paso;Fecha próximo paso
;Asesoría / gestoría;;;;;;;;;
;Consultora sectorial;;;;;;;;;
;Agencia marketing y ecommerce;;;;;;;;;
;Software nicho (RRHH, CRM, BPM, facturación);;;;;;;;;
;Despacho legal;;;;;;;;;
;Ingeniería;;;;;;;;;
;Inmobiliaria;;;;;;;;;
;Incubadora de startups;;;;;;;;;
;;;;;;;;;;
;;;;;;;;;;
